word,count
hudud,4454.2624113480715
phpht,4458.732809128024
gynny,4677.4156645091525
qajaq,4960.5946654331765
fuzzy,5041.903638606802
cocco,5046.276133210855
hyphy,5237.96083873
immix,5248.980419365549
gyppy,5384.723558433237
fuffy,5396.426302805977
